dataset,sample,n_obs,n_units,year_min,year_max,age_mean,main_outcome_mean
PSID,full (psid_new_final_lag_LS),42167,7190,1999,2017,49.6321293902821,10.3165416367312
PSID,"analysis (tag_10_90==1, num>1)",33735,6731,1999,2017,49.4459167037201,10.3626917828873
MSC,adults (age>=18),324651,,1953,2019,47.092453126602,0.511934834457467
CEX,income>=2000,482500,,1980,2012,50.7910590673586,8.43543866148451
